Name,Phone,Website,Opening Hours,Email
ironsight A,+44 1252 616868,socomtactical.net,"Monday, 12 to 8?pm; Tuesday, Closed; Wednesday, 12 to 8?pm; Thursday, 9:30?am to 5:30?pm; Friday, 9:30?am to 5:30?pm; Saturday, 9:30?am to 6?pm; Sunday, Closed. Hide open hours for the week",online@socomtactical.net
Urban Airsoft Mega Store,+44 1924 899109,urbanairsoftuk.com,"Monday, 9:30?AM to 5:30?PM; Tuesday, 9:30?AM to 5:30?PM; Wednesday, 9:30?AM to 5:30?PM; Thursday, 9:30?AM to 5:30?PM; Friday, 9:30?AM to 5:30?PM; Saturday, 9:30?AM to 5:30?PM; Sunday, Closed. Hide open hours for the week",enquiries@urbanairsoftuk.com
BZ Tactical,+44 1642 605000,bztactical.co.uk,"Monday, 9:30?AM to 5:30?PM; Tuesday, 9:30?AM to 5:30?PM; Wednesday, 9:30?AM to 5:30?PM; Thursday, 9:30?AM to 5:30?PM; Friday, 9:30?AM to 5:30?PM; Saturday, 10?AM to 4?PM; Sunday, Closed. Hide open hours for the week",info@bztactical.co.uk
Airsoft Direct,+44 1482 935515,airsoftdirect.uk.com,"Monday, 10?AM to 4?PM; Tuesday, Closed; Wednesday, 10?AM to 4?PM; Thursday, 10?AM to 4?PM; Friday, 10?AM to 4?PM; Saturday, 10?AM to 4?PM; Sunday, Closed. Hide open hours for the week",Sales@airsoftdirect.uk.com
Bristol Airsoft,+44 7776 288826,bristolairsoft.com,"Monday, 6 to 10:30?PM; Tuesday, 6 to 10:30?PM; Wednesday, 6 to 10:30?PM; Thursday, 6 to 10:30?PM; Friday, 6 to 10:30?PM; Saturday, Closed; Sunday, 9?AM to 3:30?PM. Hide open hours for the week",info@bristolairsoft.com
East Midlands Airsoft Club,+44 1400 230306,ancasterleisure.co.uk,,info@ancasterleisure.co.uk
BB Guns 4less,+44 20 8194 2000,bbguns4less.co.uk,"Monday, 10?AM to 5?PM; Tuesday, 10?AM to 5?PM; Wednesday, 10?AM to 5?PM; Thursday, 10?AM to 5?PM; Friday, 10?AM to 5?PM; Saturday, Closed; Sunday, Closed. Hide open hours for the week",sales@bbguns4less.co.uk
Leicestershire Airsoft,+44 7719 787079,leicestershireairsoft-online.co.uk,"Monday, Closed; Tuesday, Closed; Wednesday, Closed; Thursday, 10?AM to 5?PM; Friday, 10?AM to 5?PM; Saturday, 10?AM to 5?PM; Sunday, Closed. Hide open hours for the week",Leicestersports@gmail.com
Tango Down Airsoft Ltd,+44 1606 212343,tangodown.co.uk,"Monday, Closed; Tuesday, 10?AM to 5?PM; Wednesday, 10?AM to 5?PM; Thursday, 10?AM to 6?PM; Friday, 10?AM to 5?PM; Saturday, 10?AM to 5:30?PM; Sunday, Closed. Hide open hours for the week",sales@tangodown.co.uk
Alpha Guns London (Camden),+44 20 7383 3479,agl-airsoft.co.uk,"Monday, 11?AM to 8?PM; Tuesday, 11?AM to 8?PM; Wednesday, 11?AM to 8?PM; Thursday, 11?AM to 8?PM; Friday, 11?AM to 10?PM; Saturday, 11?AM to 10?PM; Sunday, 11?AM to 10?PM. Hide open hours for the week",sales@agl-airsoft.co.uk
Black Hills Airsoft,+44 7703 353974,blackhillsairsoft.co.uk,"Monday, Closed; Tuesday, Closed; Wednesday, Closed; Thursday, Closed; Friday, Closed; Saturday, 8?AM to 4?PM; Sunday, Closed. Hide open hours for the week",info@blackhillsairsoft.co.uk
"Airsoft Sniper Parts UK, ASPUK",+44 1226 414004,yorkshiretacticalactivities.co.uk,"Monday, 9?AM to 5?PM; Tuesday, 9?AM to 5?PM; Wednesday, 9?AM to 5?PM; Thursday, 9?AM to 5?PM; Friday, 9?AM to 5?PM; Saturday, Closed; Sunday, Closed. Hide open hours for the week",INFO@YORKSHIRETACTICALACTIVITIES.CO.UK
First and Only Airsoft The Vault Manchester CQB and Shop,+44 161 727 8863,firstandonlyevents.co.uk,"Monday, Closed; Tuesday, Closed; Wednesday, 6 to 10:30?PM; Thursday, 6 to 10:30?PM; Friday, Closed; Saturday, 9?AM to 7?PM; Sunday, 9?AM to 7?PM. Hide open hours for the week",Memberships@firstandonlyevents.co.uk
Airsoft Wholesale UK ( Business To Business ONLY),+44 1252 615977,airsoftwholesaleuk.com,"Monday, 9:30?AM to 5:30?PM; Tuesday, 9:30?AM to 5:30?PM; Wednesday, 9:30?AM to 5:30?PM; Thursday, 9:30?AM to 5:30?PM; Friday, 9:30?AM to 5:30?PM; Saturday, Closed; Sunday, Closed. Hide open hours for the week",trade@airsoftwholesaleuk.com
First and Only Retail,+44 161 727 8863,firstandonlyevents.co.uk,"Monday, 10?AM to 5?PM; Tuesday, 10?AM to 5?PM; Wednesday, 10?AM to 5?PM; Thursday, 10?AM to 5?PM; Friday, 10?AM to 5?PM; Saturday, Closed; Sunday, Closed. Hide open hours for the week",Memberships@firstandonlyevents.co.uk
StrikeForce Airsoft (StrikeForce CQB - Gloucester & The Trail Woodland - Swindon).,+44 1452 303849,strikeforceairsoft.co.uk,"Monday, Closed; Tuesday, Closed; Wednesday, 9?AM to 4?PM; Thursday, 2 to 10?PM; Friday, 9?AM to 4?PM; Saturday, 9?AM to 5?PM; Sunday, 8:30?AM to 4?PM. Hide open hours for the week",sales@strikeforceairsoft.co.uk
Titan Forge Airsoft,+44 1494 911990,titanforgeairsoft.co.uk,"Monday, Closed; Tuesday, Closed; Wednesday, 10?AM to 4?PM; Thursday, 10?AM to 6?PM; Friday, 10?AM to 6?PM; Saturday, 10?AM to 4?PM; Sunday, 10?AM to 4?PM. Hide open hours for the week",Hello@TitanForgeAirsoft.com
Gunman Airsoft ,+44 1733 247171,gunmanairsoft.co.uk,,enquiries@gunmanairsoft.co.uk
Action Hobbies Airsoft - Online Only - Pay & Collect,+44 333 577 0202,actionhobbies.co.uk,,recycle@actionhobbies.co.uk
Phoenix Airsoft,+44 7956 587213,phoenix-airsoft.co.uk,"Monday, Closed; Tuesday, Closed; Wednesday, Closed; Thursday, Closed; Friday, Closed; Saturday, 8?AM to 5?PM; Sunday, 8?AM to 5?PM. Hide open hours for the week",info@phoenix-airsoft.co.uk
NSC Airsoft,+44 7983 333521,nscairsoft.co.uk,"Monday, Closed; Tuesday, Closed; Wednesday, Closed; Thursday, Closed; Friday, Closed; Saturday, Closed; Sunday, 8:30?AM to 4?PM. Hide open hours for the week",Info@nscairsoft.co.uk
PTC Airsoft Warrington,+44 300 373 3303,ptcairsoft.co.uk,,bookings@ptcairsoft.co.uk
CAMO Airsoft Store,+44 7762 624545,camoraids.com,"Monday, Closed; Tuesday, Closed; Wednesday, 10?AM to 7?PM; Thursday, 10?AM to 7?PM; Friday, 10?AM to 10?PM; Saturday, 10?AM to 7?PM; Sunday, 10?AM to 2:30?PM. Hide open hours for the week",info@camoraids.com
LT-Airsoft,+44 141 737 1936,lt-airsoft.com,"Monday, Closed; Tuesday, 10?AM to 2?PM; Wednesday, 10?AM to 2?PM; Thursday, 10?AM to 2?PM; Friday, 10?AM to 4?PM; Saturday, 10?AM to 6?PM; Sunday, Closed. Hide open hours for the week",contact@lt-airsoft.com
First and Only Airsoft the Base CQC,+44 161 865 3381,firstandonlyevents.co.uk,"Monday, Closed; Tuesday, Closed; Wednesday, Closed; Thursday, Closed; Friday, Closed; Saturday, Closed; Sunday, 8:30?AM to 5?PM. Hide open hours for the week",Memberships@firstandonlyevents.co.uk
Dirtydog airsoft,+44 7712 588700,dirtydogairsoft.co.uk,"Monday, Closed; Tuesday, Closed; Wednesday, Closed; Thursday, Closed; Friday, Closed; Saturday, Closed; Sunday, 8?AM to 4?PM. Hide open hours for the week",dirtydogairsoft@outlook.com
East Midlands Airsoft Store,+44 7852 609447,shop.ancasterleisure.co.uk,"Monday, 9?AM to 6?PM; Tuesday, Closed; Wednesday, Closed; Thursday, 9?AM to 6?PM; Friday, 9?AM to 6?PM; Saturday, 9?AM to 6?PM; Sunday, 9?AM to 6?PM. Hide open hours for the week",emastore@ancasterleisure.co.uk
NML Airsoft,+44 1226 885092,nmlairsoft.co.uk,"Monday, Closed; Tuesday, Closed; Wednesday, 11?AM to 9:30?PM; Thursday, Closed; Friday, Closed; Saturday, 11?AM to 10?PM; Sunday, 7?AM to 5?PM. Hide open hours for the week",info@nmlairsoft.co.uk
Reforger Airsoft,+44 7470 875891,reforgerairsoft.com,"Monday, Closed; Tuesday, Closed; Wednesday, Closed; Thursday, Closed; Friday, Closed; Saturday, Closed; Sunday, 8:30?AM to 4?PM. Hide open hours for the week",Reforgerairsoft@outlook.com
T.S.Airsoft,+44 28 9029 7398,tsairsoft.com,"Monday (St. Patrick's Day), Closed, Hours might differ; Tuesday, 11?AM to 4?PM; Wednesday, 11?AM to 4?PM; Thursday, 11?AM to 4?PM; Friday, 11?AM to 4?PM; Saturday, 11?AM to 4?PM; Sunday, Closed. Hide open hours for the week",info@tsairsoft.com
First And Only Events,+44 161 727 8863,firstandonlyevents.co.uk,"Monday, 10?AM to 5?PM; Tuesday, 10?AM to 5?PM; Wednesday, 10?AM to 5?PM; Thursday, 10?AM to 5?PM; Friday, 10?AM to 5?PM; Saturday, Closed; Sunday, Closed. Hide open hours for the week",Memberships@firstandonlyevents.co.uk
Ammo Drop- ONLINE ONLY,+44 1949 728628,ammodrop.co.uk,,sales1@ammodrop.co.uk
WAREHOUSE ONE CQB AIRSOFT,+44 1455 285605,warehouseoneairsoft.co.uk,"Monday, Closed; Tuesday, 11?AM to 9?PM; Wednesday, 11?AM to 9?PM; Thursday, Closed; Friday, 11?AM to 9?PM; Saturday, 10?AM to 5:30?PM; Sunday, 10:30?AM to 1:30?AM. Hide open hours for the week",bookings@warehouseoneairsoft.co.uk
Ammo Hive,+44 1279 214087,ammohive.co.uk,,enquiries@ammohive.co.uk
North Staffs Airsoft,+44 7493 236679,northstaffsairsoft.co.uk,"Monday, Closed; Tuesday, Closed; Wednesday, Closed; Thursday, Closed; Friday, Closed; Saturday, Closed; Sunday, 9:30?AM to 5:30?PM. Hide open hours for the week",Northstaffsairsoft@gmail.com
Vector Air,+44 7515 457525,vector-air.co.uk,"Monday, Closed; Tuesday, 9:30?AM to 4:30?PM; Wednesday, 9:30?AM to 4:30?PM; Thursday, 9:30?AM to 4:30?PM; Friday, 9:30?AM to 4:30?PM; Saturday, 9:30?AM to 4:30?PM; Sunday, Closed. Hide open hours for the week",Info@Vector-Air.co.uk
Skirmshop Ireland Ltd,,skirmshop.co.uk,"Monday, 9?AM to 5?PM; Tuesday, 9?AM to 5?PM; Wednesday, 9?AM to 5?PM; Thursday, 9?AM to 5:30?PM; Friday, 9?AM to 5?PM; Saturday, Closed; Sunday, Closed. Hide open hours for the week",info@skirmshop.co.uk
Battle Stations Activity Centre,+44 1953 887174,battleairsoft.co.uk,"Monday, Closed; Tuesday, 10?AM to 5?PM; Wednesday, 10?AM to 5?PM, 6:30 to 11?PM; Thursday, 10?AM to 5?PM; Friday, 10?AM to 5?PM; Saturday, 8?AM to 5?PM; Sunday, 8?AM to 5?PM. Hide open hours for the week",info@battlestationsac.co.uk
Skirmish Airsoft Billericay,+44 7939 519099,airsoft-billericay.co.uk,"Monday, Closed; Tuesday, 10?AM to 6?PM; Wednesday, 10?AM to 6?PM; Thursday, 10?AM to 6?PM; Friday, 10?AM to 6?PM; Saturday, Closed; Sunday, 8?AM to 4?PM. Hide open hours for the week",info@airsoft-billericay.co.uk
Fireball Squadron Airsoft club - West Midlands,,fireballsquadron.com,,fireballsquadron@icloud.com
Dragon Valley Airsoft,+44 7921 336360,dragonvalley.co.uk,"Monday, Closed; Tuesday, Closed; Wednesday, Closed; Thursday, Closed; Friday, Closed; Saturday, Closed; Sunday, 9?AM to 5?PM. Hide open hours for the week",info@dragonvalley.co.uk
Ironsight Activities - Paintball / LaserTag / Splatmaster / Airsoft / CQB Tactical Training,+44 7789 762451,ironsightactivities.com,"Monday, 9?AM to 5:30?PM; Tuesday, 9?AM to 5:30?PM; Wednesday, 9?AM to 5:30?PM; Thursday, 9?AM to 5:30?PM; Friday, 9?AM to 5:30?PM; Saturday, 9?AM to 5:30?PM; Sunday, 9?AM to 5:30?PM. Hide open hours for the week",info@ironsightactivities.com
UCAP Airsoft,+44 330 111 8227,ucap.co.uk,"Monday, Closed; Tuesday, 9?AM to 6?PM; Wednesday, 9?AM to 6?PM; Thursday, 9?AM to 6?PM; Friday, 9?AM to 6?PM; Saturday, Open 24 hours; Sunday, Closed. Hide open hours for the week",info@ucap.co.uk
Ironsight Airsoft,+44 7789 762451,ironsightonline.com,"Monday, 9:30?AM to 5?PM; Tuesday, 9:30?AM to 5?PM; Wednesday, 9:30?AM to 8?PM; Thursday, 9:30?AM to 5?PM; Friday, 9:30?AM to 8?PM; Saturday, 9:30?AM to 5?PM; Sunday, 8?AM to 8?PM. Hide open hours for the week",sales@ironsightonline.com
Anzio Camp,+44 161 727 8863,firstandonlyevents.co.uk,"Monday, Closed; Tuesday, Closed; Wednesday, Closed; Thursday, Closed; Friday, Closed; Saturday, 8?AM to 5?PM; Sunday, 8?AM to 5?PM. Hide open hours for the week",Memberships@firstandonlyevents.co.uk
Gunman Airsoft - Camp Bravo,+44 7546 426310,gunmanairsoft.co.uk,,enquiries@gunmanairsoft.co.uk
Division 22 Airsoft,+44 1623 345022,division22.co.uk,"Monday, Closed; Tuesday, Closed; Wednesday, Closed; Thursday, Closed; Friday, Closed; Saturday, Closed; Sunday, 8:30?AM to 4?PM. Hide open hours for the week",info@division22.co.uk
Skirmish Central Outdoor Activity Centre,+44 1933 314805,skirmishcentral.com,"Monday, 8?AM to 6?PM; Tuesday, 8?AM to 6?PM; Wednesday, 8?AM to 6?PM; Thursday, 8?AM to 6?PM; Friday, 8?AM to 6?PM; Saturday, 8?AM to 6?PM; Sunday, 8?AM to 6?PM. Hide open hours for the week",enquiries@skirmishcentral.com
Ambush Activities,+44 7836 762787,ambushactivities.co.uk,"Monday, 9?AM to 9?PM; Tuesday, 9?AM to 6?PM; Wednesday, 9?AM to 9?PM; Thursday, 9?AM to 9?PM; Friday, 9?AM to 9?PM; Saturday, 9?AM to 9?PM; Sunday, 9?AM to 9?PM. Hide open hours for the week",info@ambushactivities.co.uk
"District 23 Indoor Paintball, Airsoft and Nerf Arena",+44 7848 162614,district23.co.uk,"Monday, Closed; Tuesday, Closed; Wednesday, 9?AM to 10?PM; Thursday, 9?AM to 10?PM; Friday, 9?AM to 10?PM; Saturday, Open 24 hours; Sunday, 9?AM to 10?PM. Hide open hours for the week",info@district23.co.uk
The Mill NI | Paintball & Airsoft Northern Ireland,,themillni.com,"Monday, Open 24 hours; Tuesday, Open 24 hours; Wednesday, Open 24 hours; Thursday, Open 24 hours; Friday, Open 24 hours; Saturday, Open 24 hours; Sunday, Open 24 hours. Hide open hours for the week",info@themillni.com
TM Airsoft Redditch,+44 7858 037721,tmairsoft.co.uk,,info@tmairsoft.co.uk
Gunman Airsoft Kent - Battle Lakes,+44 7711 774461,gunmanairsoft.co.uk,,enquiries@gunmanairsoft.co.uk
Yorkshire Tactical activities Sheffield,+44 1226 414004,yorkshiretacticalactivities.co.uk,"Monday, Closed; Tuesday, Closed; Wednesday, Closed; Thursday, Closed; Friday, Closed; Saturday, 8?AM to 4?PM; Sunday, 8?AM to 4?PM. Hide open hours for the week",INFO@YORKSHIRETACTICALACTIVITIES.CO.UK
Moor Lane Airsoft,+44 7500 043914,moorlaneairsoft.co.uk,,info@moorlaneairsoft.co.uk
Spec Ops Airsoft,+44 7984 656947,specops.co.uk,"Monday, Closed; Tuesday, Closed; Wednesday, Closed; Thursday, Closed; Friday, Closed; Saturday, Closed; Sunday, 8?AM to 6?PM. Hide open hours for the week",mike@specops.co.uk
Gunbarrel Creek - Wolfgang Airsoft & Nerf Wars Site,+44 7766 664055,gunbarrelcreek.co.uk,"Monday, Closed; Tuesday, Closed; Wednesday, Closed; Thursday, Closed; Friday, Closed; Saturday, Closed; Sunday, 9?AM to 5?PM. Hide open hours for the week",Booking@gunbarrelcreek.co.uk
North Staffs Airsoft Skirmish Gaming Site,+44 1782 413529,northstaffsairsoft.co.uk,"Monday, 10?am to 1?pm; Tuesday, 10?am to 1?pm; Wednesday, 10?am to 1?pm; Thursday, 10?am to 1?pm; Friday, 10?am to 1?pm; Saturday, 10?am to 1?pm; Sunday, Closed. Hide open hours for the week",Northstaffsairsoft@gmail.com
Skirmish Combat Games,+44 1455 377688,skirmishcombatgames.co.uk,"Monday, 9?am to 6?pm; Tuesday, 9?am to 6?pm; Wednesday, 9?am to 6?pm; Thursday, 9?am to 6?pm; Friday, 9?am to 6?pm; Saturday, 9?am to 6?pm; Sunday, Closed. Hide open hours for the week",bookings@skirmishcombatgames.co.uk
CAMO CQB Airsoft Arena,+44 7762 624545,camoairsoftevents.com,"Monday, 10?am to 7?pm; Tuesday, Closed; Wednesday, 10?am to 7?pm; Thursday, 10?am to 7?pm; Friday, 10?am to 7?pm; Saturday, 10?am to 7?pm; Sunday, 10?am to 1?pm. Hide open hours for the week",admin@camoairsoftevents.com
First and Only Airsoft The Mill CQB and Shop,+44 161 727 8863,firstandonlyevents.co.uk,. Hide open hours for the week,Memberships@firstandonlyevents.co.uk
Section 8 Airsoft,+44 7902 496436,s8airsoft.com,"Monday, Closed; Tuesday, Closed; Wednesday, Closed; Thursday, Closed; Friday, Closed; Saturday, Closed; Sunday, 8?AM to 4:30?PM. Hide open hours for the week",admin@s8airsoft.com
Special Ops Airsoft - The Fire Place,+44 7904 987773,specialopshq.co.uk,"Monday, 12 to 7?PM; Tuesday, 12 to 7?PM; Wednesday, 12 to 9:30?PM; Thursday, 12 to 8?PM; Friday, 12 to 9:30?PM; Saturday, 9?AM to 9?PM; Sunday, 9?AM to 9:30?PM. Hide open hours for the week",info@specialopshq.co.uk
Gunman Airsoft - Eversley Alpha,+44 7711 774461,gunmanairsoft.co.uk,,enquiries@gunmanairsoft.co.uk
Southdown Airsoft,+44 1903 714688,allsortsairsoft.com,"Monday, Closed; Tuesday, Closed; Wednesday, Closed; Thursday, Closed; Friday, Closed; Saturday, Closed; Sunday, 8?AM to 4:30?PM. Hide open hours for the week",allsortsairsoft@gmail.com
Yorkshire Tactical Activities Brighouse,+44 1226 414004,yorkshiretacticalactivities.co.uk,,INFO@YORKSHIRETACTICALACTIVITIES.CO.UK
High Harthay Outdoor Pursuits,+44 7793 148726,highharthay.co.uk,,info@highharthay.co.uk
Airsoft Competitions,+44 1279 814644,airsoftcompetitions.com,"Monday, Open 24 hours; Tuesday, Open 24 hours; Wednesday, Open 24 hours; Thursday, Open 24 hours; Friday, Open 24 hours; Saturday, Open 24 hours; Sunday, Open 24 hours. Hide open hours for the week",info@airsoftcompetitions.com
Socom Tactical Airsoft (Fleet),44 1252 616868,socomtactical.net,"Monday, 12 to 8 pm; Tuesday, Closed; Wednesday, 12 to 8 pm; Thursday, 9:30 am to 5:30 pm; Friday, 9:30 am to 5:30 pm; Saturday, 9:30 am to 6 pm; Sunday, Closed. Hide open hours for the week",online@socomtactical.net
Land Warrior Airsoft,44 131 654 2452,landwarriorairsoft.com,"Monday, 10 AM to 5 PM; Tuesday, 10 AM to 5 PM; Wednesday, 10 AM to 5 PM; Thursday, 10 AM to 5 PM; Friday, 10 AM to 5 PM; Saturday, 10 AM to 5 PM; Sunday, Closed. Hide open hours for the week",info@landwarriorairsoft.com
Crawley Surplus Stores,44 1293 525880,surplusstore.co.uk,"Monday, 9:30 AM to 5:30 PM; Tuesday, 9:30 AM to 5:30 PM; Wednesday, 9:30 AM to 5:30 PM; Thursday, 9:30 AM to 5:30 PM; Friday, 9:30 AM to 5:30 PM; Saturday, 9:30 AM to 5:30 PM; Sunday, Closed. Hide open hours for the week",SALES@SURPLUSSTORE.CO.UK
Name,Phone,Website,Opening Hours,
Defcon Airsoft,+44 1782 479121,defconairsoft.co.uk,"Monday, 10?AM to 4?PM; Tuesday, 10?AM to 4?PM; Wednesday, 10?AM to 4?PM; Thursday, 10?AM to 4?PM; Friday, 10?AM to 4?PM; Saturday, 10?AM to 3?PM; Sunday, Closed. Hide open hours for the week",
UK Airsoft,+44 115 727 0385,uk-airsoft.co.uk,"Monday, Closed; Tuesday, 10?am to 5?pm; Wednesday, 10?am to 7?pm; Thursday, 10?am to 10?pm; Friday, 10?am to 7?pm; Saturday, 10?am to 5?pm; Sunday, 10?am to 5?pm. Hide open hours for the week",
EX_MACHINA Airsoft UK,,exmachina.uk,"Monday, Open 24 hours; Tuesday, Open 24 hours; Wednesday, Open 24 hours; Thursday, Open 24 hours; Friday, Open 24 hours; Saturday, Open 24 hours; Sunday, Open 24 hours. Hide open hours for the week",
Tactical Airsoft Shop,+44 20 3490 8008,tacticalairsoftshop.co.uk,"Monday, 11?am to 6?pm; Tuesday, 11?am to 6?pm; Wednesday, 11?am to 6?pm; Thursday, 11?am to 6?pm; Friday, 11?am to 6?pm; Saturday, 8?am to 6?pm; Sunday, Closed. Hide open hours for the week",
EXTREME AIRSOFT,+44 1455 285605,extremeairsoft.co.uk,"Monday, 10?AM to 4?PM; Tuesday, 9:30?AM to 6?PM; Wednesday, 9:30?AM to 6?PM; Thursday, Closed; Friday, 9:30?AM to 6?PM; Saturday, 10?AM to 4?PM; Sunday, 10?AM to 12?PM. Hide open hours for the week",
JD Airsoft Ltd,+44 1543 578629,jdairsoft.net,"Monday, Closed; Tuesday, 10?AM to 5?PM; Wednesday, 10?AM to 5?PM; Thursday, 10?AM to 5?PM; Friday, 10?AM to 5?PM; Saturday, 9?AM to 5?PM; Sunday, Closed. Hide open hours for the week",
Bespoke Airsoft,+44 1543 397397,bespokeairsoft.co.uk,,
BB Guns UK,+44 20 8194 2000,bbgunsuk.co.uk,"Monday, 10?AM to 5?PM; Tuesday, 10?AM to 5?PM; Wednesday, 10?AM to 5?PM; Thursday, 10?AM to 5?PM; Friday, 10?AM to 5?PM; Saturday, Closed; Sunday, Closed. Hide open hours for the week",
Platoon Stores,+44 1634 829063,platoonstores.co.uk,,
High Pressure Airsoft ltd,+44 1724 376116,highpressureairsoft.co.uk,"Monday, 10?AM to 5?PM; Tuesday, Closed; Wednesday, 10?AM to 5?PM; Thursday, 10?AM to 5?PM; Friday, 10?AM to 5?PM; Saturday, 10:30?AM to 3:30?PM; Sunday, Closed. Hide open hours for the week",
Airsoft Armourer,+44 7434 604026,airsoftarmourer.co.uk,"Monday, 6 to 8?PM; Tuesday, Closed; Wednesday, 6 to 8?PM; Thursday, 6 to 8?PM; Friday, Closed; Saturday, 10?AM to 4?PM; Sunday, Closed. Hide open hours for the week",
Outpost Airsoft,+44 1244 458384,outpostairsoft.co.uk,,
Red 1 Airsoft,+44 1727 846069,facebook.com,"Monday, Closed; Tuesday, 10:30?AM to 5?PM; Wednesday, 10:30?AM to 5?PM; Thursday, 10:30?AM to 5?PM; Friday, 10:30?AM to 5?PM; Saturday, 10:30?AM to 5?PM; Sunday, Closed. Hide open hours for the week",
Killzone Airsoft,,killzoneairsoft.co.uk,"Monday, Open 24 hours; Tuesday, Open 24 hours; Wednesday, Open 24 hours; Thursday, Open 24 hours; Friday, Open 24 hours; Saturday, Open 24 hours; Sunday, Open 24 hours. Hide open hours for the week",
North Staffs Airsoft Centre,+44 1782 413529,,"Monday, Closed; Tuesday, Closed; Wednesday, Closed; Thursday, Closed; Friday, 10?AM to 4?PM; Saturday, Closed; Sunday, Closed. Hide open hours for the week",
Firesupport,+44 1733 247171,firesupport.uk,"Monday, Closed; Tuesday, 10?AM to 5?PM; Wednesday, 10?AM to 5?PM; Thursday, 10?AM to 5?PM; Friday, 10?AM to 5?PM; Saturday, 10?AM to 5?PM; Sunday, Closed. Hide open hours for the week",
Target Zone UK - Airsoft,+44 1255 441080,facebook.com,"Monday, Closed; Tuesday, Closed; Wednesday, 10?AM to 4?PM; Thursday, 10?AM to 4?PM; Friday, 10?AM to 4?PM; Saturday, 10?AM to 4?PM; Sunday, Closed. Hide open hours for the week",
DTW Airsoft,+44 1206 790046,dtwairsoft.co.uk,"Monday, Closed; Tuesday, Closed; Wednesday, Closed; Thursday, 10?AM to 10?PM; Friday, 10?AM to 10?PM; Saturday, 8:30?AM to 4?PM; Sunday, 8:30?AM to 4?PM. Hide open hours for the week",
onlyBBguns,+44 1753 299777,onlybbguns.co.uk,"Monday, 10?AM to 6?PM; Tuesday, 10?AM to 6?PM; Wednesday, 10?AM to 6?PM; Thursday, 10?AM to 6?PM; Friday, 10?AM to 6?PM; Saturday, 10?AM to 6?PM; Sunday, Closed. Hide open hours for the week",
The Cage Airsoft,+44 20 8004 2801,thecageairsoft.co.uk,,
Dagger Woods Airsoft,,airsoft.alpha55events.com,,
OnlyAirsoft,+44 1603 673294,onlyairsoft.com,"Monday, 10?AM to 5:30?PM; Tuesday, 10?AM to 5:30?PM; Wednesday, 10?AM to 5:30?PM; Thursday, 10?AM to 5:30?PM; Friday, 10?AM to 5:30?PM; Saturday, 10?AM to 5:30?PM; Sunday, 11?AM to 5?PM. Hide open hours for the week",
Invasion Outdoor Pursuits ltd,+44 161 480 2920,,"Monday, Closed; Tuesday, 10?AM to 5?PM; Wednesday, 10?AM to 5?PM; Thursday, 10?AM to 5?PM; Friday, 10?AM to 5?PM; Saturday, Closed; Sunday, Closed. Hide open hours for the week",
Chemical airsoft,,chemicalairsoftshop.co.uk,"Monday, 3 to 10?PM; Tuesday, 3 to 10?PM; Wednesday, 3 to 10?PM; Thursday, 3 to 10?PM; Friday, 3 to 10?PM; Saturday, 9?AM to 5?PM; Sunday, 8:30?AM to 4:30?PM. Hide open hours for the week",
Level 2 Airsoft,,6mm.co.uk,"Monday, Closed; Tuesday, Closed; Wednesday, 6 to 11?PM; Thursday, 4 to 11?PM; Friday, Closed; Saturday, 9?AM to 7?PM; Sunday, 9?AM to 3?PM. Hide open hours for the week",
Moor Lane Airsoft Skirmish & Supplies,+44 7500 043914,moorlaneairsoft.co.uk,"Monday, Closed; Tuesday, 6 to 9?PM; Wednesday, Closed; Thursday, 6 to 9?PM; Friday, Closed; Saturday, 10?AM to 1?PM; Sunday, Closed. Hide open hours for the week",
